t_hours,a,e,i,omega,raan,v
0.0,7069220.386682823,0.0004777356060557311,1.7136559067030632,0.23982675721074775,2.624072045239581,-0.24351098047619282
0.016666666666666666,7069153.170616519,0.0004933634576932,1.7136565902519756,0.41154184448945635,2.624072072908042,-0.35143370359623977
0.03333333333333333,7068937.085144716,0.0004979633259115422,1.7136587845585274,0.5885569414102035,2.6240722856309473,-0.464655669562048
0.05,7068575.881255225,0.0004931804208775891,1.7136624517572407,0.7772364189845061,2.624072875726024,-0.5895414529447363
0.06666666666666667,7068075.981328017,0.00048177096813742566,1.713667527098166,0.9838944116030341,2.6240740282829,-0.7324053879765746
0.08333333333333333,7067445.888041856,0.00046775589187524535,1.713673924898783,1.214518673708944,2.624075918772239,-0.8992354218595211
0.1,7066695.988085424,0.00045652591018650694,1.7136815404767327,1.4729749041739981,2.6240787108435897,-1.0938974372460455
0.11666666666666667,7065838.7347308425,0.0004545260956397906,1.713690248227116,1.7573891596630664,2.6240825527558465,-1.3145176631916642
0.13333333333333333,7064888.353144699,0.00046798695376527166,1.7136999045377117,2.056814756694581,2.624087575084799,-1.5501495740886546
0.15,7063860.241218324,0.0005009223838310245,1.7137103537978964,2.353085153932849,2.624093890662941,-1.7826267700780802
0.16666666666666666,7062770.910358555,0.0005538185932799143,1.7137214289294775,2.628985039739379,2.6241015924586066,-1.99473406388522
0.18333333333333332,7061638.147834122,0.0006241022416530011,1.7137329496712657,2.875377012440552,2.624110749153064,-2.177334159436457
0.2,7060480.586553743,0.0007076853492832256,1.7137447268978294,3.091502552290447,2.624121404142486,-2.3296686213450557
0.21666666666666667,7059316.9911478,0.000800266489845232,1.7137565698454247,3.2812312749049153,2.6241335782543804,-2.4556071272066933
0.23333333333333334,7058165.98292568,0.0008979143202601476,1.7137682888970263,3.4496958257370585,2.6241472701852495,-2.5602823626240565
0.25,7057046.076743522,0.0009971741011323273,1.7137796952102697,3.601623802003913,2.624162453341281,-2.6484219436945406
0.26666666666666666,7055975.512860622,0.0010950220104280796,1.7137906024487513,3.740849822324999,2.6241790736820843,-2.7238604864200484
0.2833333333333333,7054971.791013767,0.001188817186516041,1.7138008315666147,3.8703413160805615,2.6241970516182294,-2.7895653958407842
0.3,7054051.174327419,0.001276269416596888,1.7138102159211905,3.9923704185886137,2.6242162864987857,-2.8478087619500725
0.31666666666666665,7053228.428740987,0.0013554012610469007,1.7138186039992744,4.10868728046833,2.6242366592579525,-2.9003406709542343
0.3333333333333333,7052516.771692913,0.001424506618219537,1.7138258600162366,4.220654855419679,2.624258030714395,-2.9485239954782205
0.35,7051927.717749489,0.0014821388724465274,1.7138318655687061,4.32934971936369,2.624280240263257,-2.9934352158020396
0.36666666666666664,7051470.705930727,0.0015271358501786597,1.713836523513426,4.435644210543851,2.624303111663755,-3.035946561667912
0.38333333333333336,7051152.805136517,0.0015586401641619633,1.7138397610411744,4.540274910327216,2.6243264635688526,-3.076794495195149
0.4,7050978.722654139,0.0015760863900227812,1.7138415296429452,4.643894219806242,2.624350116067548,-3.1166312904406817
0.4166666666666667,7050950.9618666265,0.0015791747205985119,1.7138418035368315,-1.536078771196257,2.6243738907595295,3.127124094355939
0.43333333333333335,7051069.917670444,0.0015678563983346787,1.7138405787142657,-1.4326884758347374,2.624397609365591,3.087516205691243
0.45,7051333.888535611,0.00154233180540415,1.7138378728201795,-1.3285277183914574,2.6244210936300667,3.047138000580503
0.4666666666666667,7051739.017269727,0.0015030593130156752,1.7138337257447027,-1.2229691948545671,2.624444164450329,3.0053623045570466
0.48333333333333334,7052279.142236174,0.00145077857512105,1.7138282011124721,-1.1153190543139775,2.6244666407182256,2.9614953899414385
0.5,7052945.700858912,0.0013865321353120142,1.713821387217756,-1.0047728198331798,2.6244883431427843,2.914732893542366
0.5166666666666667,7053727.914400345,0.001311656728236834,1.713813395067993,-0.8903545189997415,2.624509104196158,2.8640989447639664
0.5333333333333333,7054613.176311818,0.0012277534803738996,1.7138043543401773,-0.77084202024664,2.624528776571141,2.8083715001676084
0.55,7055587.301948568,0.0011366823034710432,1.7137944107546539,-0.6446786505341775,2.6245472340846963,2.7459939592560674
0.5666666666666667,7056634.579890559,0.0010405942823732616,1.7137837254768653,-0.5098589842338588,2.6245643691982856,2.6749609509720162
0.5833333333333334,7057737.928813127,0.0009419705002949571,1.7137724734444206,-0.3637771243525121,2.6245800939753217,2.592666612710588
0.6,7058879.325335441,0.0008436495008253222,1.7137608389399466,-0.20305497630106562,2.624594344438465,2.495732862878188
0.6166666666666667,7060040.31987791,0.0007488607484256877,1.7137490102868014,-0.023439496788725478,2.624607083832268,2.3799066497179453
0.6333333333333333,7061202.334205775,0.000661271782845469,1.7137371767932579,0.1799834317997342,2.6246183018868443,2.2402738260405166
0.65,7062346.655756656,0.000584968301252891,1.7137255288039956,0.4117426146346137,2.6246280114305156,2.0723055357340767
0.6666666666666666,7063454.533701034,0.0005241203794943582,1.7137142567300947,0.6734598285014464,2.624636247162818,1.8743799289321528
0.6833333333333333,7064507.776892025,0.0004820238948915605,1.7137035449908111,0.9601168032666159,2.624643068173083,1.6515151809133577
0.7,7065489.389376501,0.00045961302377160463,1.713693565599098,1.2580793072036385,2.62464855884631,1.4173454089615727
0.7166666666666667,7066383.580702526,0.00045441252033251857,1.7136844781224831,1.5491208340757565,2.624652825102646,1.1900969874350664
0.7333333333333333,7067175.630635582,0.00046106792221507737,1.7136764311290922,1.8188042371158355,2.6246559909404095,0.9842069146358446
0.75,7067852.345478894,0.0004731622331180307,1.713669557627036,2.061421818620852,2.624658198133317,0.8053827244412586
0.7666666666666667,7068402.568983823,0.00048485954045269906,1.7136639699549183,2.278588367652411,2.624659605036217,0.6520094514514114
0.7833333333333333,7068817.101024395,0.0004915938335761889,1.7136597606830333,2.4754926761193063,2.624660383060131,0.5188981177393612
0.8,7069088.667670567,0.0004901061752986636,1.7136570029825726,2.658329618924889,2.6246607139154072,0.39985365455237776
0.8166666666666667,7069212.451383319,0.0004783126532003594,1.7136557452986156,2.8334587301110323,2.6246607876107233,0.28851632880637046
0.8333333333333334,7069186.489694702,0.00045517406489180827,1.7136560073419806,-3.275497599323099,2.624660799032501,0.17807824245484782
0.85,7069011.500022917,0.0004206275364133282,1.7136577818821712,-3.0938266367594394,2.624660943828722,0.06019708104665277
0.8666666666666667,7068690.567801417,0.00037572785194502295,1.7136610379049835,-2.892607298643469,2.624661415070189,-0.07723373527597617
0.8833333333333333,7068228.960142219,0.00032326574162009757,1.7136657224770477,-2.6515120387897166,2.624662400589542,-0.25454193218352555
0.9,7067634.0566039365,0.0002695126202005852,1.7136717614052486,-2.334301032510461,2.6246640804335275,-0.507967501985246
0.9166666666666666,7066915.471015044,0.00022817489682024842,1.7136790579414864,-1.8887381080149388,2.6246666236081944,-0.8897467697321298
0.9333333333333333,7066085.076127438,0.00022261512440061558,1.7136874924591874,-1.3191368611911516,2.6246701844221993,-1.3955662751630151
0.95,7065156.62710321,0.00026768831866780273,1.7136969261947526,-0.7867019085889788,2.6246749001696514,-1.8642215165446483
0.9666666666666667,7064145.397683299,0.0003523420876337375,1.71370720486114,-0.40159624069736344,2.6246808894361733,-2.1855495953242277
0.9833333333333333,7063068.101217067,0.00045995559557101504,1.7137181593717896,-0.13170141285461412,2.624688249168206,-2.3916690235176294
1.0,7061942.6007502265,0.000580317407554359,1.7137296087163676,0.07106620336412339,2.624697052778717,-2.5306634703080664
1.0166666666666666,7060787.29993648,0.0007075915772046333,1.7137413660995893,0.23521537266445192,2.6247073512588526,-2.6310417133510713
1.0333333333333334,7059620.757831886,0.0008379203313073055,1.7137532428261926,0.3759621988705826,2.624719174031381,-2.708019841868082
1.05,7058461.5572819635,0.0009683287898198346,1.7137650496254866,0.5016868288975638,2.624732528082994,-2.7699779612781517
1.0666666666666667,7057328.093809733,0.001096282476752858,1.7137765988033726,0.6172799168559528,2.624747397750533,-2.8218066577854075
1.0833333333333333,7056238.427270263,0.0012194943813304006,1.7137877057728523,0.7257685962024465,2.6247637435840807,-2.866532971282767
1.1,7055210.258788711,0.0013358267522847168,1.7137981893233751,0.8291191205502475,2.6247814983469917,-2.906123036867326
1.1166666666666667,7054260.624491409,0.0014432792235961902,1.7138078747937067,0.9286583065627969,2.6248005656813573,-2.9419035278552506
1.1333333333333333,7053405.2667792,0.0015400379708895924,1.7138166005530329,1.0253201149809017,2.6248208256019887,-2.974808237258765
1.15,7052658.14594409,0.001624515673047281,1.713824223066166,1.1197964284210837,2.624842141698806,-3.0055288575381676
1.1666666666666667,7052031.27783752,0.0016953572331110873,1.7138306186367798,1.2126251373023897,2.624864364596789,-3.034603069694105
1.1833333333333333,7051534.716195318,0.0017514330972273904,1.713835683670759,1.3042408289154288,2.624887331785962,-3.0624652357803672
1.2,7051176.495883167,0.0017918413499082473,1.7138393353310173,1.3950057000455525,2.624910866259948,-3.089477314814556
1.2166666666666666,7050962.455700433,0.001815927389913607,1.7138415134112681,1.4852317755631457,2.624934778472014,-3.115951084317155
1.2333333333333334,7050896.054934732,0.0018233050878076948,1.7138421822571697,-4.707984044451239,2.6249588736987386,3.141016809837912
1.25,7050978.350600169,0.0018138574354907983,1.7138413310264184,-4.618001101270291,2.624982957929007,3.1147859668006728
1.2666666666666666,7051208.031506074,0.0017877311979948593,1.7138389733498627,-4.527733930115912,2.6250068370301682,3.0882711794026925
1.2833333333333334,7051581.379837638,0.0017453430403291698,1.713835147713038,-4.43689773310343,2.6250303164732207,3.0611879032202745
1.3,7052092.311425354,0.0016873766784283142,1.7138299170097193,-4.345175485450587,2.6250532078208946,3.033219359680182
1.3166666666666667,7052732.569091078,0.0016147604781392363,1.7138233665118265,-4.252197367015528,2.6250753356979364,3.0039959648751733
1.3333333333333333,7053491.888358863,0.0015286494464387713,1.7138156021103501,-4.157517842582667,2.6250965391607783,2.9730724068611485
1.35,7054358.0437905835,0.0014304248388002621,1.7138067497670793,-4.060582855301758,2.6251166702859097,2.9398948357840387
1.3666666666666667,7055316.871808307,0.0013217007903315136,1.713796955197932,-3.9606754855888147,2.6251355942961134,2.903746519338303
1.3833333333333333,7056352.46208148,0.001204315762125862,1.713786381829964,-3.8568212714150336,2.6251531934902963,2.863653159974087
1.4,7057447.679322879,0.0010802893337736594,1.713775205390412,-3.7476268856340362,2.62516937461511,2.8182215704474904
1.4166666666666667,7058584.777252781,0.0009517767289463766,1.7137636075743001,-3.631015870794328,2.6251840737372856,2.7653754082940463
1.4333333333333333,7059745.659206103,0.000821091135827279,1.7137517733407552,-3.503770542751676,2.6251972542698314,2.701897079277198
1.45,7060911.898307642,0.000690812864444778,1.7137398906778436,-3.3606485807152193,2.6252089031324592,2.622544326686584
1.4666666666666666,7062064.905721456,0.0005640036216464071,1.713728148871843,-3.192582471506318,2.625219029903231,2.518249674883527
1.4833333333333334,7063186.131378139,0.0004447099989855911,1.7137167364632393,-2.9829660244050857,2.625227666503232,2.3724069436686905
1.5,7064257.203070093,0.0003392070706279341,1.7137058398486902,-2.700652926474384,2.6252348664008736,2.1538698029385066
1.5166666666666666,7065260.352598908,0.00025862744623194835,1.7136956389811677,-2.295124410374333,2.6252407056671774,1.8121194403727854
1.5333333333333334,7066179.014701119,0.00022027673147882954,1.7136863013362662,-1.745277169696354,2.6252452838517777,1.326052478138062
1.55,7066998.071531567,0.00023247337223449772,1.7136779795013897,-1.1849257864339127,2.625248721794914,0.8294834023734907
1.5666666666666667,7067703.946004593,0.0002771913891023551,1.7136708103087153,-0.7597204583092495,2.6252511587989726,0.4680622922026071
1.5833333333333333,7068284.994873963,0.0003318113649953685,1.7136649109263506,-0.4565550542056862,2.6252527509915042,0.228682877354083
1.6,7068731.850716304,0.0003839142271235661,1.7136603754692734,-0.2233949243645319,2.6252536688264616,0.0593103516218785
1.6166666666666667,7069037.362923837,0.00042787296404213685,1.7136572756732749,-0.026608353714016625,2.6252540933859763,-0.07368717059540815
1.6333333333333333,7069196.491758921,0.00046119058220217427,1.713655662030003,0.15259110339830564,2.6252542132280507,-0.18909631712580457
1.65,7069206.394694248,0.0004829686438425015,1.7136555629543273,0.32555051002289487,2.6252542218624337,-0.2982643425951485
1.6666666666666667,7069066.624668204,0.0004933777539369366,1.7136569827991888,0.5002566957551674,2.6252543150399026,-0.40917827493605646
1.6833333333333333,7068779.449890132,0.0004935551836192557,1.713659898618094,0.6833720580719349,2.6252546873113314,-0.528500713203731
1.7,7068349.980577066,0.0004856885362472011,1.71366425886468,0.8812259569046174,2.625255527889293,-0.6625612175647607
1.7166666666666666,7067785.71582606,0.0004731527867624924,1.7136699879539403,1.1000219485810683,2.6252570174058802,-0.8175635390012503
1.7333333333333334,7067096.054736319,0.00046064833124029563,1.7136769911701566,1.3448709132371106,2.625259325961007,-0.9986187442575897
1.75,7066292.377675256,0.0004541430861814837,1.7136851537777478,1.617038804302938,2.6252626101891128,-1.20699296342101
1.7666666666666666,7065388.075353314,0.00046010731750387136,1.713694340652485,1.9101132189848387,2.625267009849593,-1.436273957463823
1.7833333333333334,7064397.994411535,0.0004837832947275349,1.7137044018337686,2.2089030709545234,2.6252726469268306,-1.6712707882104305
1.8,7063338.042063369,0.0005273827719282945,1.713715176466952,2.4949551126415876,2.6252796251227495,-1.8935303395474046
1.8166666666666667,7062225.355298415,0.0005896893959430379,1.713726491015915,2.755064173122939,2.6252880260839966,-2.0898475543583794
1.8333333333333333,7061078.223547674,0.000667223138092341,1.7137381599875363,2.984843617995263,2.6252979059994854,-2.2558358921257557
1.85,7059915.4141334845,0.0007557408170331671,1.7137499927446986,3.1863556720793476,2.6253092969799123,-2.3935576495821813
1.8666666666666667,7058755.623249924,0.0008511481453432566,1.713761799067243,3.3643191336211795,2.625322209351933,-2.5077316747408154
1.8833333333333333,7057617.419191938,0.000949792465111592,1.7137733897249383,3.5236836108198375,2.6253366299942256,-2.6033076041995127
1.9,7056519.226439773,0.001048465859536396,1.7137845766501827,3.668673789117465,2.6253525190297697,-2.6845101305917183
1.9166666666666667,7055478.993372756,0.0011443546970565299,1.7137951763504027,3.802623663531863,2.62536980954221,-2.7546732345526936
1.9333333333333333,7054513.670751386,0.0012350051024592793,1.7138050152695739,3.9280977915531925,2.625388411160488,-2.816361437782569
1.95,7053638.809196345,0.0013182927999677283,1.7138139339552156,4.04706763215032,2.6254082142524675,-2.871546143388664
1.9666666666666666,7052868.427986544,0.0013923821955857528,1.7138217884695415,4.161062768468998,2.6254290903760404,-2.9217568608571542
1.9833333333333334,7052214.954190295,0.0014556961775844858,1.71382845108743,4.2712839969519525,2.62545088976857,-2.968194297521326
2.0,7051688.946360156,0.0015069255692590259,1.7138338131931354,4.378691431953132,2.6254734430332243,-3.0118184650207227
2.0166666666666666,7051298.712096936,0.001545058427932506,1.713837789255838,4.484078870567757,2.6254965702013426,-3.0534230459273126
2.033333333333333,7051050.15765773,0.0015693847699565827,1.7138403184254967,4.5881335568553165,2.6255200902758657,-3.0936951605064262
2.05,7050946.902701499,0.0015794731289561926,1.7138413634066088,4.691478996453987,2.625543824300176,-3.133258184538703
2.066666666666667,7050990.422173404,0.001575148475913734,1.7138409090385764,-1.488479216343118,2.625567594012379,3.11048242052647
2.0833333333333335,7051180.096223677,0.0015564846984620414,1.713838961798072,-1.384784918432289,2.625591221143892,3.0705706248884326
2.1,7051513.191059575,0.0015238075081656156,1.7138355499896294,-1.2800162749574444,2.6256145272439633,3.0295847250665786
2.1166666666666667,7051984.752942772,0.0014777105833279187,1.7138307248069378,-1.173515703881113,2.6256373322045223,2.9868672656186552
2.1333333333333333,7052587.45361655,0.0014190819487530644,1.713824561871785,-1.064538020181315,2.6256594548489924,2.9416731800843476
2.15,7053311.612443375,0.0013491133820385769,1.7138171609474606,-0.9521975089982508,2.625680720206782,2.8931168612502587
2.1666666666666665,7054145.516517998,0.0012692771433598,1.7138086425944457,-0.8353986965785927,2.6257009699465956,2.8401029300604375
2.183333333333333,7055075.779264807,0.0011813031298256945,1.7137991444307952,-0.7127540292859518,2.6257200673043943,2.781243912907726
2.2,7056087.470169018,0.0010871946017269858,1.713788819732404,-0.5824822906405998,2.625737895337882,2.714758656515751
2.216666666666667,7057164.175723344,0.0009892695853446932,1.7137778367372274,-0.44227254727316634,2.625754355600251,2.638336271474668
2.2333333333333334,7058288.2909808885,0.0008901958666927446,1.7137663756017838,-0.2891120624431611,2.6257693711964043,2.5489640439662717
2.25,7059441.5278502265,0.0007930215198386941,1.7137546231625227,-0.11912455007043565,2.625782891172994,2.4427656891821425
2.2666666666666666,7060605.358743666,0.000701221610665676,1.7137427683792785,0.07242390602362603,2.6257948919721312,2.3150072708401996
2.283333333333333,7061761.148643242,0.0006187354330088981,1.713731000975264,0.2905653412625142,2.6258053749429684,2.1606567121978615
2.3,7062890.124239561,0.0005498305345905286,1.7137195117519886,0.5388528868132878,2.6258143633914406,1.976160818916494
2.316666666666667,7063973.706934634,0.000498468022713988,1.7137084892159502,0.8159466805656825,2.625821903473724,1.7628593676406543
2.3333333333333335,7064994.238894959,0.0004669738369069293,1.7136981122298272,1.1120953107312859,2.6258280667734337,1.530503663746282
2.35,7065935.34150593,0.0004545633851797762,1.713688546426313,1.409960625995343,2.62583294874195,1.2964317336723457
2.3666666666666667,7066781.727975464,0.00045702288474874434,1.71367994618226,1.691957322675727,2.62583666427261,1.0782287392488752
2.3833333333333333,7067519.331820656,0.00046810327626468413,1.7136724533860344,1.947953704043441,2.625839345969422,0.8860262191107084
2.4,7068135.9205790395,0.00048146873338505687,1.713666191281581,2.176607916859303,2.6258411440057268,0.7211658542275883
2.4166666666666665,7068621.319482299,0.0004918697257549167,1.7136612622758727,2.3819660920819974,2.625842223537028,0.5796013303283442
2.433333333333333,7068967.227395148,0.0004954107491001467,1.7136577498784658,2.5700217531617,2.625842761215188,0.45533893188708674
2.45,7069167.481437948,0.0004894438993330006,1.7136557160758032,2.74708190238072,2.6258429430960657,0.34207145774394637
2.466666666666667,7069218.639267285,0.00047242286765630006,1.71365519546904,-3.3636026553492484,2.6258429620815846,0.2333625936897417
2.4833333333333334,7069120.082931229,0.0004437865528999864,1.7136561942474133,-3.1884148418305482,2.6258430139124918,0.1219656752251715
2.5,7068873.710222544,0.0004039621864451477,1.7136586933242521,-3.000955888499434,2.6258432933531064,-0.0017035685884155601
2.5166666666666666,7068483.683688809,0.00035467619076016066,1.7136626508670734,-2.7862456063205085,2.625843991245745,-0.15262551358698775
2.533333333333333,7067956.293178471,0.00029995835621486215,1.7136680036576495,-2.5179321109845434,2.625845291990124,-0.35715222012705655
2.55,7067299.981737635,0.00024878866445653987,1.7136746667783433,-2.1504236494223985,2.6258473707448347,-0.6608756043075659
2.566666666666667,7066525.483179487,0.00021972841118399647,1.7136825321495297,-1.638888579618732,2.625850389789218,-1.1086274552667177
2.5833333333333335,7065645.64696007,0.0002364211453092471,1.7136914702290562,-1.0590812100366573,2.6258544953616534,-1.624653592338634
2.6,7064674.989102322,0.0003016850763995059,1.7137013344901033,-0.5890535618341621,2.625859815956162,-2.030902100164111
2.6166666666666667,7063629.491656829,0.00039864335546809535,1.7137119633778555,-0.2621762322159005,2.625866460053653,-2.2940024636083676
2.6333333333333333,7062526.492986149,0.0005132426476939031,1.713723181348627,-0.027259552914823626,2.6258745132012105,-2.4651444073823874
2.65,7061384.19328953,0.0006375768887552984,1.7137348038325029,0.15539149383737572,2.625884037695029,-2.5840229782504505
2.6666666666666665,7060221.095413591,0.0007668853984430865,1.7137466428760122,0.30741461429285133,2.6258950740957094,-2.672275883555616
2.683333333333333,7059055.788575032,0.0008977850954138581,1.7137585093184817,0.44041128173742683,2.6259076410374416,-2.7415045703792873
2.7,7057906.795721569,0.001027530765313439,1.7137702143392863,0.5609197019733769,2.625921734487124,-2.798247191563604
2.716666666666667,7056792.35428326,0.0011537157041118032,1.713781571701554,0.6728553150178493,2.625937327585372,-2.8464191079778542
2.7333333333333334,7055730.360628084,0.0012741269024424218,1.7137923983448526,0.7786961618957648,2.6259543679137685,-2.8884982561419013
2.75,7054738.259802074,0.0013866855707584324,1.7138025155507601,0.8800789479300213,2.625972773814023,-2.9261212119232805
2.7666666666666666,7053832.5405423315,0.001489471852147368,1.7138117541515212,0.9781273212229222,2.6259924364697946,-2.9604114691042613
2.783333333333333,7053028.118629693,0.0015807767616167966,1.7138199608967501,1.073650201055865,2.6260132271944454,-2.9921777688899502
2.8,7052338.015897271,0.0016591242106958305,1.713827001814539,1.1672606803328165,2.6260350031145663,-3.022033005009013
2.816666666666667,7051773.296415165,0.0017232672721494398,1.7138327629483523,1.259444251826454,2.6260576086440084,-3.0504624533498443
2.8333333333333335,7051343.047514925,0.0017721836685912107,1.713837150630418,1.3505988618137936,2.6260808743231387,-3.077863828988407
2.85,7051054.2649536235,0.001805086473473181,1.7138400927249349,1.4410607594752798,2.626104616421801,-3.1045731387261646
2.8666666666666667,7050911.645925913,0.001821448081303194,1.7138415407989251,1.5311255814001092,2.6261286418096406,-3.1308857683787266
2.8833333333333333,7050917.476332588,0.0018210122904768393,1.713841471311634,-4.662117310816462,2.626152755816953,3.1261091767745177
2.9,7051071.663303572,0.0018037882780763076,1.713839885300843,-4.572028369806666,2.62617676471533,3.0997724076349065
2.9166666666666665,7051371.731699238,0.0017700511288660146,1.7138368084187028,-4.481517556894726,2.6262004737837987,3.0730141416997805
2.933333333333333,7051812.797188388,0.001720347228751662,1.713832291184369,-4.390287546116629,2.6262236903737097,3.0455373035573077
2.95,7052387.69250262,0.0016554804403701346,1.7138264076484861,-4.297999334098792,2.626246231845024,3.0170031319454127
2.966666666666667,7053087.172703824,0.0015764883744609137,1.7138192532351153,-4.2042512590966465,2.6262679299641167,2.9870101959830277
2.9833333333333334,7053900.019922261,0.001484633086314949,1.7138109436014277,-4.108552873747008,2.6262886302638826,2.955068264754416
3.0,7054813.05964062,0.0013814061320948222,1.7138016143921557,-4.010284089018313,2.6263081909984693,2.920557447852187
3.0166666666666666,7055811.236635795,0.0012685311043423714,1.713791420377281,-3.90862533408856,2.626326484912409,2.882658351883973
3.033333333333333,7056877.9631833425,0.0011479384817360406,1.713780531808791,-3.8024361274050804,2.626343405226404,2.8402306489713256
3.05,7057995.74602632,0.0010217125360123098,1.7137691279441145,-3.690053887553769,2.626358872753247,2.791611886626206
3.066666666666667,7059146.662553121,0.0008920707394137385,1.7137573921315505,-3.568961278524491,2.6263728373985304,2.7342848329426017
3.0833333333333335,7060312.449084993,0.000761427588472367,1.713745510873061,-3.435179867943373,2.6263852743000338,2.664271134363639
3.1,7061474.56954061,0.0006325408195981663,1.7137336731010824,-3.2820641784308777,2.626396181358246,2.5749253662038116
3.1166666666666667,7062614.438525969,0.000508816194270766,1.713722067897134,-3.0978280724841687,2.6264055791252834,2.4544614169794268
3.1333333333333333,7063713.566012897,0.0003950606340222297,1.713710883027594,-2.8605442524611098,2.626413509999532,2.2809519878257842
3.15,7064753.796611993,0.0002992601224405957,1.7137003025348447,-2.5303265127794408,2.626420038193242,2.014510844113195
3.1666666666666665,7065717.886541511,0.0002354842092232937,1.7136905009142458,-2.057423911278325,2.6264252512524853,1.6053869873804818
3.183333333333333,7066589.968447508,0.0002200888847057135,1.7136816384546985,-1.4795901154027715,2.6264292594732823,1.0913340033897918
3.2,7067355.645431497,0.0002494672720288289,1.713673860361838,-0.9729891237367145,2.626432192916596,0.6485157855137424
3.216666666666667,7068002.218170084,0.0003001699076740598,1.7136672945333098,-0.6083375326309703,2.626434199251968,0.3476488031186808
3.2333333333333334,7068519.132648568,0.00035409969503595,1.7136620470959436,-0.34086888648942437,2.6264354419841602,0.14396645460637553
3.25,7068898.120548831,0.0004025073900155361,1.7136582010608599,-0.12594019986137825,2.6264360971810454,-0.007174407085400013
3.2666666666666666,7069133.056690283,0.00044146964505231684,1.7136558178384165,0.062343059995746034,2.62643634988242,-0.13166848910727766
3.283333333333333,7069219.949700693,0.0004693303538132009,1.7136549373847239,0.2388048333088377,2.626436391357267,-0.24433991665432328
3.3,7069157.087471183,0.00048573005738452115,1.713655576761112,0.4130067432409899,2.626436416568744,-0.35475050604090397
3.316666666666667,7068945.299069312,0.0004913107785412947,1.7136577274941232,0.592228386148558,2.626436621171165,-0.47018005197303125
3.3333333333333335,7068588.251531551,0.00048772055916169354,1.713661352561209,0.7829440424734722,2.6264371976273946,-0.5971030343519297
3.35,7068092.296896662,0.00047772855039183916,1.7136663879172742,0.991434598598016,2.6264383312682726,-0.7418005354591999
3.3666666666666667,7067465.882499623,0.00046536073807012954,1.7136727484331489,1.2234695687305583,2.6264401978596053,-0.9100422584390778
3.3833333333333333,7066719.336094804,0.0004559679574554724,1.7136803300174202,1.482480125239924,2.626442961433271,-1.105259555737095
3.4,7065865.050025018,0.0004558627516375379,1.7136890076779567,1.7660702226182827,2.6264467707368984,-1.325056550702202
3.4166666666666665,7064917.205743432,0.0004710420200785634,1.7136986382423967,2.0631115498642716,2.626451756860034,-1.558305086853448
3.433333333333333,7063891.169589837,0.0005052782749984952,1.7137090664184635,2.355985528830953,2.626458033159086,-1.787386724310683
3.45,7062803.415127556,0.0005589474797865079,1.7137201255122914,2.6284492741431515,2.6264656932439623,-1.9960586990073121
3.466666666666667,7061671.693453026,0.0006295285838574901,1.7137316356320889,2.8720587380005007,2.6264748065464882,-2.175877065900339
3.4833333333333334,7060514.622211592,0.0007130645030033349,1.7137434078110645,3.0862284468727745,2.626485417169233,-2.32625643319657
3.5,7059350.967487954,0.0008053811487490629,1.7137552512754557,3.2746965013567064,2.6264975465732623,-2.450934961025157
3.5166666666666666,7058199.353174161,0.0009026408949357217,1.7137669763877148,3.4423936420671013,2.626511194142547,-2.5548434278617544
3.533333333333333,7057078.296882106,0.0010014500972243532,1.7137783942838405,3.5938770390130186,2.6265263340757334,-2.642539020497908
3.55,7056006.051769656,0.0010988220416134073,1.7137893185027424,3.732860890806573,2.626542913135709,-2.7177359330487394
3.566666666666667,7055000.146406998,0.0011921369553802832,1.7137995697112771,3.862233303788379,2.6265608524282644,-2.7833222458478146
3.5833333333333335,7054076.885053488,0.0012791158477013375,1.7138089808533934,3.984215679061137,2.626580051868968,-2.8415193131923173
3.6,7053251.078631775,0.001357787079061933,1.7138173999622472,4.1005262159616995,2.626600392945733,-2.894045268691416
3.6166666666666667,7052535.991165195,0.0014264472026243845,1.713824690782041,4.212507978166173,2.6266217371149785,-2.942243093802707
3.6333333333333333,7051943.192300332,0.0014836494895128136,1.7138307343502681,4.321225179097988,2.6266439243651414,-2.98717690535899
3.65,7051482.188078998,0.0015282292221192597,1.713835432841389,4.427542367014846,2.6266667787722033,-3.029711142368269
3.6666666666666665,7051160.119046121,0.0015593253585748934,1.7138387127155807,4.5321912072570845,2.6266901190147873,-3.0705773503571785
3.683333333333333,7050981.76054123,0.0015763689179058489,1.7138405247690263,4.635821184144872,2.6267137651198476,-3.1104248862094694
3.7,7050949.6797798,0.0015790568296351459,1.7138408425674756,-1.544150032415339,2.626737538670756,3.1333287119808557
3.716666666666667,7051064.334127246,0.001567337140147712,1.7138396614636355,-1.4407670853469257,2.626761261390402,3.0937282205181766
3.7333333333333334,7051324.085027685,0.0015414070150711373,1.713836998458562,-1.3366218964730179,2.6267847550255237,3.0533656938027303
3.75,7051725.141323285,0.0015017214083005714,1.7138328927675461,-1.2310849114534321,2.626807840522601,3.0116117067042025
3.7666666666666666,7052261.412155509,0.0014490162641416966,1.713827407292569,-1.123458260796871,2.6268303368113135,2.967768512461869
3.783333333333333,7052924.40511321,0.0013843309329176427,1.7138206296125305,-1.0129309988535835,2.6268520644190403,2.921025278497867
3.8,7053703.401644359,0.0013090009371745036,1.7138126701226764,-0.8985169283053458,2.6268728553165164,2.870395908441533
3.816666666666667,7054585.8442371925,0.0012246289274454793,1.7138036580028493,-0.7789775253218387,2.6268925615487726,2.8146419655216133
3.8333333333333335,7055557.593489109,0.0011330791871689298,1.7137937385160213,-0.6527296978152024,2.6269110563467697,2.7521804289432565
3.85,7056602.98160261,0.0010365113859935897,1.713783072387726,-0.517725820238053,2.6269282316299134,2.680963726316085
3.8666666666666667,7057704.96200481,0.0009374230461879374,1.7137718342069246,-0.3712934972805848,2.626943998825215,2.5983194951286843
3.8833333333333333,7058845.5305295335,0.0008386825040608746,1.713760208066411,-0.2099520822509664,2.6269582931853344,2.50076709989214
3.9,7060006.243250307,0.0007435696345639097,1.713748382237803,-0.029297951913701326,2.6269710771421217,2.383902906892437
3.9166666666666665,7061168.523692482,0.0006558318416960066,1.7137365460166987,0.17577894864269128,2.626982339691901,2.242616829425989
3.933333333333333,7062313.662558353,0.0005796701436976746,1.7137248897188668,0.4099887192334557,2.6269920930234085,2.072198714349625
3.95,7063422.90247843,0.000519391491681564,1.7137136038250398,0.6749369323027044,2.62700037116876,1.8710429135909517
3.966666666666667,7064478.023273483,0.0004783883451834265,1.7137028730513055,0.9651250502824038,2.6270072324672236,1.6446478671119655
3.9833333333333334,7065461.989197148,0.0004575542932073734,1.7136928698148879,1.2659821233357347,2.6270127606037046,1.407584407330421
4.0,7066358.976912962,0.000454210631511508,1.7136837540152965,1.5584818296483478,2.6270170609383694,1.1788787210276221
4.016666666666667,7067154.2298533805,0.0004627484320318061,1.7136756745856858,1.8280982848662737,2.627020256959391,0.9730565407994851
4.033333333333333,7067834.498757355,0.00047657396474399974,1.713668765092641,2.0695786935698464,2.627022489929577,0.7953704947813298
4.05,7068388.565518302,0.0004897800237354928,1.713663138495503,2.2850406538692187,2.6270239177731107,0.6437028048826624
4.066666666666666,7068807.175164678,0.0004977937015053259,1.7136588879128665,2.479978255656305,2.6270247115769516,0.512559191413329
4.083333333333333,7069082.991184713,0.0004973692430089858,1.7136560871419402,2.6606869769934565,2.627025052785873,0.3956439785714049
4.1,7069211.115575643,0.00048643113345990443,1.7136547854350812,2.8334713585095295,2.6270251312168607,0.2866524226519234
4.116666666666666,7069189.503021575,0.00046393258890269464,1.7136550033351186,-3.2782378714024345,2.6270251416844443,0.17896828401936396
4.133333333333334,7069018.798170861,0.0004297751127057243,1.713656734342531,-3.100099006662098,2.6270252798762184,0.0646202704438806
4.15,7068702.021231959,0.0003849223681996098,1.713659948099294,-2.9038796243311844,2.627025738987034,-0.06780954170405805
4.166666666666667,7068244.378457117,0.0003319506662812027,1.7136645922861238,-2.6705247523548965,2.6270267070452813,-0.23737630839059995
4.183333333333334,7067653.188090085,0.0002766333932469507,1.71367059333119,-2.365710039342251,2.6270283643725523,-0.47840455307261764
4.2,7066937.998242513,0.0002317271509047362,1.7136778551553133,-1.9363775443015345,2.627030880355849,-0.8439523744668882
4.216666666666667,7066110.621325348,0.0002203453028517243,1.7136862587494477,-1.371358241448053,2.6270344097765252,-1.3451889384709563
4.233333333333333,7065184.766227035,0.0002602336188433158,1.7136956658277225,-0.8221058841578224,2.627039090445359,-1.830660610993032
4.25,7064175.66604606,0.0003421991363104865,1.7137059225263558,-0.42015047809972206,2.627045041527912,-2.1688374827044434
4.266666666666667,7063099.995930127,0.0004487238605383245,1.7137168601596628,-0.14082049103487693,2.6270523606384333,-2.384391157530724
4.283333333333333,7061975.595587252,0.0005687570444678444,1.7137282979689101,0.06678212411995466,2.6270611218634645,-2.528219727559206
4.3,7060820.8620468965,0.0006960924755649426,1.7137400492413786,0.23349017662307459,2.627071376816211,-2.63115601910102
4.316666666666666,7059654.353299329,0.0008267188701391321,1.713751925307959,0.3756601852935155,2.627083155548009,-2.70955654028729
4.333333333333333,7058494.655168291,0.0009575922831226929,1.7137637368824397,0.5022109308463585,2.6270964656964577,-2.772340034055714
4.35,7057360.172743743,0.0010861430580906242,1.7137752961869428,0.6182987195289589,2.6271112922468536,-2.8246627422571304
4.366666666666666,7056268.9764889935,0.0012100642477596154,1.7137864185383576,0.7270896005875818,2.627127596477269,-2.8696906238550235
4.383333333333334,7055238.780532312,0.0013272050716509247,1.7137969226034007,0.8306268776571208,2.6271453119946013,-2.909466867023591
4.4,7054286.648764111,0.0014355538438050152,1.7138066334447646,0.9302820570737165,2.627164343222501,-2.9453628375834406
4.416666666666667,7053428.369410812,0.0015332851502935824,1.7138153889678958,1.0270156567136646,2.627184570737007,-2.9783388882511765
4.433333333333334,7052677.957412749,0.0016188002369265685,1.7138230450801446,1.1215356820434066,2.6272058585235247,-3.0091028365891557
4.45,7052047.484552763,0.001690733208551025,1.7138294775110403,1.2143901149960408,2.627228057563326,-3.0382024570204433
4.466666666666667,7051547.060647624,0.0017479441659715331,1.7138345820875138,1.30602005422053,2.6272510057407867,-3.066078624517052
4.483333333333333,7051184.779742594,0.0017895207048825754,1.7138382753590016,1.3967919617951323,2.6272745264633017,-3.093097564603709
4.5,7050966.545907887,0.0018147970801871824,1.7138404964411826,1.4870205166293864,2.627298430456528,-3.1195737097161547
4.516666666666667,7050895.886926806,0.001823375700099925,1.7138412089671191,-4.7061960314454385,2.627322523031686,3.1373949439869238
4.533333333333333,7050973.927010106,0.0018151283374660528,1.7138404013943218,-4.616216678727576,2.627346610143847,3.111167650513124
4.55,7051199.422289223,0.0017901905157488103,1.713838086652049,-4.525956463882072,2.627370497698766,3.0846597063500143
4.566666666666666,7051568.723405127,0.0017489674270351598,1.7138343025134029,-4.435132122434785,2.627393991118723,3.0575881010612
4.583333333333333,7052075.810994192,0.001692131680586965,1.7138291111986403,-4.3434294949201,2.6274169016776994,3.029638922307597
4.6,7052712.486659192,0.0016206011692358137,1.7138225973699692,-4.250483277450921,2.6274390535850145,3.000447103692603
4.616666666666666,7053468.541922405,0.0015355205084384548,1.7138148663397705,-4.155854778446809,2.627460285508004,2.969574178508967
4.633333333333334,7054331.807282074,0.0014382600679575283,1.7138060434949345,-4.059000506251256,2.627480449168402,2.9364768640461762
4.65,7055288.17347507,0.0013304224625281793,1.7137962739964747,-3.959220372491649,2.6274994093863047,2.9004552615022123
4.666666666666667,7056321.774833624,0.0012138345236087868,1.7137857208186844,-3.8555675566335004,2.627517047882476,2.8605627174264465
4.683333333333334,7057415.502327607,0.0010905044259628522,1.7137745594272256,-3.7466950887940937,2.627533270609685,2.81545240470154
4.7,7058551.622071035,0.0009625739937591016,1.713762971399655,-3.630606232570037,2.6275480127965016,2.763127704995907
4.716666666666667,7059712.048078641,0.0008323356841843533,1.7137511415971391,-3.504226806547064,2.6275612371383,2.700514530113584
4.733333333333333,7060878.362656384,0.0007023332434696602,1.7137392579266484,-3.36258838144334,2.6275729299077653,2.6226445183911404
4.75,7062031.979441189,0.000575556620944481,1.71372750966278,-3.197176964145524,2.627583100032091,2.521003717999367
4.766666666666667,7063154.347100371,0.0004558933416321677,1.7137160853728164,-2.9925510910113187,2.6275917788060834,2.380150679755923
4.783333333333333,7064227.085878919,0.0003492378461642698,1.7137051715439713,-2.7199016352270684,2.627599019072901,2.171276263805411
4.8,7065232.402717152,0.0002658770352163283,1.7136949483949484,-2.3313423965364617,2.6276048962261775,1.8464942291729813
4.816666666666666,7066153.693578022,0.00022228359492251925,1.7136855838067253,-1.7976915288212811,2.6276095091522094,1.3766226626603093
4.833333333333333,7066975.7999036815,0.00022872925922821436,1.7136772307894246,-1.2320332563295966,2.627612978117372,0.8747456970766769
4.85,7067685.097371103,0.000269970144297762,1.7136700266615723,-0.7905911048062808,2.627615441909423,0.4970867440441568
4.866666666666666,7068269.881452168,0.0003230815708422631,1.7136640892173323,-0.4751478627693134,2.6276170561874133,0.24542845741526767
4.883333333333334,7068720.71917576,0.000374710644852434,1.713659513238022,-0.23431277673960604,2.6276179910319453,0.06837993172939903
4.9,7069030.398911913,0.00041874450893488526,1.7136563710770545,-0.032552732109102575,2.6276184272562118,-0.06959211370594157
4.916666666666667,7069193.819824734,0.0004524770672138979,1.7136547138420721,0.1501727703015719,2.627618553226631,-0.1885283558203391
4.933333333333334,7069208.073725792,0.0004749213517467978,1.7136545706082338,0.3258892758817608,2.6276185623335384,-0.30045452719459315
4.95,7069072.639988004,0.0004862138745864872,1.7136559464674257,0.5029474881100587,2.62761865029441,-0.4137215253363506
4.966666666666667,7068789.703477946,0.0004874852473801006,1.7136588193103133,0.6881927291909493,2.627619011740592,-0.5351748698467287
4.983333333333333,7068364.295014486,0.00048093150960509053,1.7136631383873746,0.8879950196818751,2.6276198360830256,-0.6711847774996643
5.0,7067803.852442695,0.0004699384884268004,1.713668828726739,1.1084349191525182,2.627621304222061,-0.8278319986416803
5.016666666666667,7067117.719726487,0.0004591924975155031,1.713675796164723,1.3542926571744656,2.6276235865870485,-1.0098969456860587
5.033333333333333,7066317.215073826,0.0004545772201358679,1.7136839265904815,1.6263283613729616,2.6276268402510228,-1.218139919291414
5.05,7065415.675036187,0.00046237380796975526,1.7136930854250925,1.9177333733735569,2.62763120548549,-1.445752421410987
5.066666666666666,7064427.9110299675,0.0004875721918534292,1.7137031230629887,2.2135085898201226,2.6276368047840206,-1.6777354935662474
5.083333333333333,7063369.796833085,0.0005322007762089885,1.7137138789884323,2.4960444540356246,2.627643742417008,-1.8964797074016977
5.1,7062258.429646921,0.0005950232911246371,1.71372518007086,2.7530183256496423,2.627652100740349,-2.0896625334018983
5.116666666666666,7061112.071570609,0.0006726635560399263,1.713736841098088,2.9804517905098007,2.62766193668933,-2.253305648575487
5.133333333333334,7059949.484815047,0.0007610124032321437,1.7137486714895969,3.1803895398886946,2.627673283035137,-2.3894538135826897
5.15,7058789.368922674,0.0008560855877043496,1.7137604809969234,3.35736595115127,2.627686150747857,-2.5026414531913637
5.166666666666667,7057650.293904373,0.0009543061351327808,1.7137720803789498,3.5161418698730458,2.6277005274489156,-2.5976294391831094
5.183333333333334,7056550.690674353,0.0010525138654707137,1.7137832815096035,3.660798865513204,2.6277163740757445,-2.678499346224126
5.2,7055508.528109209,0.0011479233595017423,1.7137939006945782,3.794573700508894,2.6277336244740344,-2.7484879206046573
5.216666666666667,7054540.792740097,0.0012380963093743312,1.7138037640199495,3.919967785088275,2.6277521888988904,-2.810096535199434
5.233333333333333,7053663.079125487,0.0013209166032746944,1.7138127115911557,4.038912395853325,2.6277719582592494,-2.865256409359899
5.25,7052889.451864729,0.0013945528175112818,1.7138205990130677,4.1529118907066005,2.627792804707189,-2.915471826105393
5.266666666666667,7052232.387708259,0.0014574291951012887,1.713827298057429,4.263151360873253,2.627814579126726,-2.961927786510283
5.283333333333333,7051702.506379378,0.0015082351917047757,1.713832699486771,4.370581073947933,2.627837112601748,-3.005574454614741
5.3,7051308.186046496,0.0015459556131680327,1.713836717051361,4.475988566406839,2.6278602253222085,-3.0471992517260564
5.316666666666666,7051055.403446259,0.0015698768008361053,1.7138392891820664,4.580057188965095,2.6278837362469507,-3.087485404291416
5.333333333333333,7050947.8439128585,0.0015795639127290742,1.713840377912525,4.6834082781793756,2.6279074663755395,-3.127054118701558
5.35,7050987.045247092,0.0015748387158411692,1.7138399674395455,-1.4965534192212406,2.627931237446496,3.1166899912855257
5.366666666666666,7051172.450087232,0.0015557718997167248,1.7138380636007586,-1.39287146146692,2.6279548711898952,3.0767906171350745
5.383333333333334,7051501.388686867,0.0015226858882387685,1.7138346940458393,-1.2881225279907276,2.6279781891763574,3.0358245693986485
5.4,7051968.975747776,0.001476170756865712,1.7138299092691334,-1.181646019583982,2.628001011361431,2.9931313750354738
5.416666666666667,7052567.954654384,0.001417110879361969,1.7138237841611603,-1.0726916758112124,2.628023156527432,2.9479608915789277
5.433333333333334,7053288.7109957365,0.0013466956046112016,1.7138164178103639,-0.9603657122752551,2.6280444493618536,2.8994194415012484
5.45,7054119.586001874,0.001266397252386376,1.7138079302270748,-0.8435597784163926,2.628064730928429,2.846398767961596
5.466666666666667,7055047.239355753,0.0011779485468602076,1.713798458560709,-0.7208655144626661,2.6280838638314994,2.7874905900467177
5.483333333333333,7056056.785433037,0.0010833588310344869,1.7137881556334429,-0.5904681830594409,2.628101730580227,2.7208802322651358
5.5,7057131.851187432,0.0009849579731451101,1.7137771892755598,-0.4500034756322129,2.628118232154664,2.644203428495228
5.516666666666667,7058254.859258487,0.000885436044883936,1.7137657393678087,-0.2963750028807257,2.6281332909539934,2.5543638106644173
5.533333333333333,7059407.533320901,0.0007878803243348756,1.713753992632289,-0.12557947622211607,2.628146855218019,2.4473580895535134
5.55,7060571.348187751,0.0006958304235767463,1.7137421380095526,0.06729558383018164,2.6281589006027692,2.3182737634473733
5.566666666666666,7061727.671601846,0.0006133243617080039,1.7137303651991111,0.28748818946833143,2.6281694277781624,2.16187277652236
5.583333333333333,7062857.731022952,0.0005447619265089205,1.713718864998002,0.5386667902910312,2.6281784594146167,1.9744866135386399
5.6,7063942.930739517,0.0004942338319215998,1.7137078260888177,0.8192617933615709,2.6281860409542315,1.7576847793200485
5.616666666666666,7064965.575769772,0.0004641032572085342,1.7136974277123032,1.1187522754245909,2.628192243233089,1.5219880878402927
5.633333333333334,7065909.250281824,0.00045345181272172716,1.7136878358779044,1.4188199864632856,2.628197161072255,1.285714661163121
5.65,7066758.635786943,0.0004578124577298738,1.7136792052811258,1.701422763536701,2.6282009088446365,1.0669065171496852
5.666666666666667,7067499.620476724,0.00047071002170317376,1.713671678265527,1.9567006069911441,2.628203618638869,0.8754234939868791
5.683333333333334,7068119.910368935,0.00048569051814151054,1.7136653786929632,2.183855426310538,2.628205440144862,0.7120635063672043
5.7,7068609.272444924,0.000497474685784018,1.713660409553716,2.3873473797846434,2.628206538143592,0.57236620896868
5.716666666666667,7068959.349705379,0.0005021763681898848,1.7136568549154367,2.573362521284056,2.6282070889950355,0.4501453520098426
5.733333333333333,7069163.907416393,0.0004971613558267362,1.7136547774844546,2.7482230507353775,2.628207278518128,0.3390785327301349
5.75,7069219.419044789,0.00048088555601930754,1.713654212707195,-3.3649408977586845,2.628207299478083,0.23285010361408412
5.766666666666667,7069125.188346804,0.0004527694898058377,1.7136551675592753,-3.192775687165059,2.6282073476012773,0.12447683706552684
5.783333333333333,7068883.04462581,0.0004131846340314988,1.7136576236424947,-3.009370066358883,2.6282076177347493,0.004861975228745669
5.8,7068497.087628125,0.0003637235474791168,1.713661539757154,-2.800651702583083,2.6282083008800385,-0.14006700586292725
5.816666666666666,7067973.547040179,0.000308102266904172,1.7136668532934576,-2.5418830452297705,2.6282095816677753,-0.335047837299192
5.833333333333333,7067320.8022178775,0.00025459893550237357,1.7136734799808107,-2.189113277510772,2.628211635580012,-0.6240315033482847
5.85,7066549.522010138,0.0002208067007192041,1.7136813124027055,-1.6915943921134906,2.6282146253273777,-1.057766162919586
5.866666666666666,7065672.502447278,0.00023147181328416104,1.713690221566153,-1.10523850999931,2.6282186976453614,-1.5803398273289149
5.883333333333334,7064704.217534296,0.0002926925085356477,1.7137000613805562,-0.6157558440113915,2.6282239815682047,-2.0060423939671974
5.9,7063660.6089331675,0.00038784479593532913,1.7137106707133791,-0.2754954315021778,2.6282305862026027,-2.28252491191535
5.916666666666667,7062558.982477366,0.0005017874691588195,1.71372187436553,-0.03363085601761995,2.628238597780078,-2.460613858360357
5.933333333333334,7061417.524253944,0.0006260136879089033,1.7137334879258475,0.15259126646669596,2.6282480792434684,-2.5830626505001475
5.95,7060254.734334965,0.0007555154979774528,1.713745323484803,0.3065369458087579,2.62825907176965,-2.6732373032905703
5.966666666666667,7059089.202244722,0.0008868050656503393,1.7137571918941097,0.44061922339066584,2.628271594636938,-2.7435508357210905
5.983333333333333,7057939.457358756,0.001017087639789208,1.713768904282374,0.5617637862439371,2.6282856444595586,-2.800928885474654
6.0,7056823.747945045,0.0011439300247113424,1.713780274315563,0.674081419887222,2.6283011950504456,-2.8494821623131035
6.016666666666667,7055759.980946418,0.0012651034674752359,1.7137911188367876,0.780154821423166,2.62831819478488,-2.8917932619942133
6.033333333333333,7054765.620128426,0.0013785175089704677,1.7138012589456242,0.8816799124978711,2.6283365628476782,-2.929557979647534
6.05,7053857.191406274,0.0014822409398116663,1.713810525100886,0.9798150183729628,2.628356191103539,-2.9639344889154584
6.066666666666666,7053049.662004433,0.0015745532089722627,1.7138187635295634,1.0753897764840157,2.6283769513305226,-2.995752251567093
6.083333333333333,7052356.10951524,0.0016539671258781643,1.7138258396893575,1.169029980618406,2.628398701018456,-3.025636864290106
6.1,7051787.653840807,0.0017192252664433114,1.7138316390491,1.2612291590352058,2.6284212849506123,-3.054081640187119
6.116666666666666,7051353.439361662,0.0017692950490504542,1.7138360673508142,1.352390472155993,2.6284445340833056,-3.0814895098583723
6.133333333333334,7051060.523869827,0.0018033787769206762,1.7138390518148856,1.44285352059767,2.6284682650562066,-3.1081998325793485
6.15,7050913.672103598,0.0018209374642268621,1.713840543306197,1.5329158500511355,2.628492284891338,-3.134509903967563
6.166666666666667,7050915.238050333,0.0018217035467777626,1.713840517575016,-4.660332425700793,2.628516398889693,3.1224904181621795
6.183333333333334,7051065.195647153,0.0018056750422571332,1.7138389749626652,-4.5702518959485126,2.628540413326182,3.0961619813983536
6.2,7051361.137919828,0.0017731156452761195,1.7138359404111911,-4.479753559392799,2.6285641335074312,3.06941604101971
6.216666666666667,7051798.247903408,0.0017245603503242357,1.7138314637389551,-4.388542309817226,2.628587366621837,3.0419577421177046
6.233333333333333,7052369.4200459765,0.0016608022382534017,1.7138256183554597,-4.296282838254259,2.6286099296547034,3.013452018928807
6.25,7053065.466311966,0.0015828685574718292,1.7138184990952423,-4.202579091057307,2.628631653959779,2.98350305010438
6.266666666666667,7053875.224664619,0.0014920107574026228,1.713810221039719,-4.106949125644882,2.6286523847041643,2.951629111292305
6.283333333333333,7054785.57628647,0.0013897091481673688,1.7138009192624633,-4.008786117398309,2.6286719797782383,2.9172235786266185
6.3,7055781.516943342,0.0012776756070177156,1.713790748013929,-3.9072918739610314,2.6286903114545637,2.8794884396407228
6.316666666666666,7056846.495147418,0.0011578291064745705,1.7137798771806858,-3.801361279162703,2.6287072722625875,2.8373187345857525
6.333333333333333,7057963.035622599,0.0010322419932489266,1.7137684858440743,-3.6893914345988152,2.628722782170268,2.789111696965209
6.35,7059113.226256757,0.0009031155838562641,1.7137567572549532,-3.568969211418745,2.6287367902965304,2.73245430523463
6.366666666666666,7060278.814155225,0.0007728375021670618,1.7137448778167552,-3.4363081056885663,2.6287492711108587,2.6635601377085014
6.383333333333334,7061441.269300277,0.000644116147954868,1.7137330364128618,-3.2851374676355785,2.6287602218659223,2.5761586009571844
6.4,7062582.006418249,0.0005202552158313126,1.7137214221370491,-3.104442050656221,2.628769662470777,2.459234478243074
6.416666666666667,7063682.532434217,0.0004058268301889895,1.713710222800337,-2.873904675300682,2.6287776347073115,2.2924705929334603
6.433333333333334,7064724.676958198,0.00030826004682730975,1.7136996226108645,-2.556469282642577,2.628784202137503,2.0388108612603277
6.45,7065691.162932911,0.00024060678426155889,1.7136897964142594,-2.102436291363328,2.6287894516225565,1.6485556499170013
6.466666666666667,7066566.082547272,0.0002193036655565977,1.7136809049206014,-1.532480975975591,2.62879349283627,1.1423801561171918
6.483333333333333,7067334.996587513,0.00024382699684445225,1.713673093773098,-1.0127638945033106,2.628796455300971,0.6864448371266232
6.5,7067985.151554512,0.00029207753487927544,1.7136664914246906,-0.632952830484169,2.6287984861896128,0.37041735399152187
6.516666666666667,7068505.928230056,0.0003450594200731904,1.7136612046665134,-0.35546015878169446,2.6287997485787753,0.15670994005593133
6.533333333333333,7068888.99485876,0.00039328920843112854,1.7136573171531622,-0.13423685598209031,2.628800418216343,-0.0007265852487201036
6.55,7069128.166096214,0.00043250836619037106,1.7136548909026876,0.05828309060204344,2.6288006799130237,-0.12945840457917496
6.566666666666666,7069219.387541987,0.00046091808796228307,1.7136539665057868,0.2378850474861099,2.628800724780084,-0.24527106500931967
6.583333333333333,7069160.878223288,0.000478099991265195,1.713654561715837,0.4146451632920612,2.628800747700119,-0.3582409039598282
6.6,7068953.388391657,0.00048467667063914786,1.7136566688511545,0.5961143659550034,2.6288009443454685,-0.47591904346233294
6.616666666666666,7068600.501048892,0.0004822974803738922,1.7136602517332915,0.7888799055196545,2.6288015073198703,-0.6048929289182761
6.633333333333334,7068108.497344279,0.00047374232098906305,1.7136652470279765,0.9991842633392365,2.628802622192686,-0.7514052336377748
6.65,7067485.7691042,0.000463038258770749,1.7136715701615286,1.2325703752946353,2.6288044650225206,-0.9209990786169424
6.666666666666667,7066742.58542013,0.000455490090621975,1.7136791176312465,1.4920365267221314,2.6288072002196374,-1.1166729255674273
6.683333333333334,7065891.277489233,0.0004572722003170252,1.713687765060541,1.7746955470602999,2.6288109770175856,-1.3355397692533788
6.7,7064945.982469315,0.00047414928285848494,1.7136973697234454,2.0692919661321625,2.628815927019483,-1.5663442906695155
6.716666666666667,7063922.035123989,0.0005096629600252362,1.7137077766469364,2.358779930622163,2.6288221641035494,-1.7920407715639146
6.733333333333333,7062835.871419941,0.0005640893200209389,1.7137188195196462,2.6278572179001567,2.6288297825164793,-1.997327107566488
6.75,7061705.205921587,0.0006349618152619626,1.7137303188235498,2.8687308872750625,2.628838852439213,-2.1744104579073595
6.766666666666667,7060548.640337327,0.0007184508770513999,1.7137420857580759,3.0809722250193303,2.6288494186833247,-2.3228621879823046
6.783333333333333,7059384.941972609,0.0008105059518682458,1.7137539295425492,3.268190525361754,2.6288615033439124,-2.44629164911594
6.8,7058232.737381083,0.0009073808449080603,1.713765660518808,3.435121591325462,2.6288751064892653,-2.549434679914965
6.816666666666666,7057110.546803328,0.0010057420527988775,1.7137770898032003,3.586157406857236,2.6288902031082655,-2.636683279022035
6.833333333333333,7056036.635878312,0.0011026397553062697,1.713788030814871,3.724894677464559,2.628906740768749,-2.7116341455800606
6.85,7055028.561550356,0.0011954753650800316,1.7137983039387004,3.85414356259918,2.6289246412760834,-2.77709741137991
6.866666666666666,7054102.668968218,0.0012819812882046032,1.7138077417083295,3.97607526451268,2.6289438051152865,-2.8352442304015564
6.883333333333334,7053273.814004198,0.0013601918497076655,1.7138161917041201,4.092376162900821,2.6289641143265987,-2.887760915313939
6.9,7052555.307137493,0.0014284064134142732,1.7138235172008471,4.204369393227189,2.6289854310026723,-2.935970518234399
6.916666666666667,7051958.772732648,0.0014851782912295287,1.713829598680906,4.313106710229443,2.6290075957305743,-2.9809246963760234
6.933333333333334,7051493.783549201,0.0015293403404276775,1.7138343376398184,4.419444761452322,2.629030432913428,-3.0234799873017306
6.95,7051167.551765825,0.0015600279254818362,1.713837659807413,4.524110184804302,2.6290537612622145,-3.0643629085576896
6.966666666666667,7050984.920902754,0.0015766685337959697,1.7138395152837864,4.627749441872495,2.629077400742259,-3.1042197939115352
6.983333333333333,7050948.522068629,0.0015789558465994407,1.7138398769816654,-1.5522213154759528,2.6291011729198224,3.1395333367936926
7.0,7051058.875085813,0.001566834719872643,1.7138387396150019,-1.448847053330734,2.629124899520651,3.099941583050438
7.016666666666667,7051314.4043064825,0.001540499096702924,1.7138361195414091,-1.3447188864285933,2.6291484022937937,3.059596191999272
7.033333333333333,7051711.384448895,0.001500400500733785,1.7138320553026278,-1.239205112663749,2.6291715022338735,3.017865590391101
7.05,7052243.7952998355,0.0014472711320947455,1.7138266090789114,-1.1316039536685305,2.6291940183118774,2.9740481220708834
7.066666666666666,7052903.214744748,0.0013821470605185555,1.7138198677319259,-1.0210981072158172,2.629215770883208,2.9273265971930584
7.083333333333333,7053678.984759949,0.0013063624576583543,1.71381194104063,-0.9066912563646039,2.6292365914257316,2.8767047988790373
7.1,7054558.597079012,0.0012215213449007284,1.7138029576849512,-0.7871285560200421,2.6292563313378157,2.8209279680077093
7.116666666666666,7055527.957542458,0.0011294922218326316,1.71379306246981,-0.6608004527785876,2.6292748632621157,2.758386621202884
7.133333333333334,7056571.442074009,0.0010324431701937433,1.7137824156791275,-0.5256167857511973,2.6292920785770972,2.6869906493026656
7.15,7057672.039216196,0.0009328880034833471,1.7137711915487925,-0.3788376775667328,2.62930788807778,2.6040002061300402
7.166666666666667,7058811.764476295,0.0008337248980606613,1.7137595739763833,-0.21687766884376236,2.6293222262501823,2.5058298417011198
7.183333333333334,7059972.17984867,0.0007382847369071497,1.7137477511783707,-0.03517814972757716,2.629335054713023,2.387920933658399
7.2,7061134.71058245,0.0006503965149789373,1.7137359124374103,0.17157373378025254,2.6293463617256205,2.2449605939815314
7.216666666666667,7062280.650672337,0.000574379944073765,1.7137242480394734,0.4082753342757077,2.6293561588357726,2.0720514143484148
7.233333333333333,7063391.236746761,0.0005146829857675472,1.7137129485289082,0.6765087224399069,2.629364479410699,1.8676112458922096
7.25,7064448.220218158,0.0004747952238396072,1.7137021989117842,0.9702595814808415,2.6293713810406776,1.637654305040315
7.266666666666667,7065434.525534451,0.00045556157786604733,1.7136921720092952,1.273976138632631,2.629376946706685,1.3977322441563294
7.283333333333333,7066334.296281749,0.0004540876228342632,1.7136830280545372,1.5678364514436895,2.6293812812053132,1.1676668674969004
7.3,7067132.739996033,0.0004645050251098269,1.7136749163409624,1.8372793311894984,2.629384507514365,0.9620192087293915
7.316666666666666,7067816.552378245,0.0004800475943192463,1.7136679709880565,2.0775496701681844,2.629386766384535,0.7855442048090595
7.333333333333333,7068374.453355726,0.0004947435145958955,1.7136623055768436,2.2912765831867654,2.62938821530559,0.6356125573038094
7.35,7068797.1330358265,0.0005040177339011526,1.7136580137749067,2.4842514631000068,2.6293890250375744,0.5064326797776892
7.366666666666666,7069077.192852926,0.0005046402615295281,1.7136551700000966,2.662862600702045,2.6293893767577265,0.39161607980562085
7.383333333333334,7069209.654751548,0.0004945454565196038,1.7136538243079227,2.833358558773999,2.629389460087857,0.2849139874980315
7.4,7069192.39040442,0.0004726805344133427,1.7136539980750043,-3.2810130236463184,2.629389469766432,0.17989324838216228
7.416666666666667,7069025.971428303,0.00043891460090839676,1.7136556855356417,-3.106258484995719,2.629389601517291,0.0689306104315474
7.433333333333334,7068713.352676517,0.00039412788574791737,1.7136588569895583,-2.914786274953875,2.629390048656556,-0.05875098175042152
7.45,7068259.679485669,0.0003407009656902262,1.7136634607324202,-2.6887329214166984,2.6293909994057665,-0.22101518860180563
7.466666666666667,7067672.208927287,0.00028395009383535376,1.7136694238125743,-2.395677224626245,2.629392634358129,-0.4502833863858603
7.483333333333333,7066960.423481177,0.0002357116674276927,1.7136766508192773,-1.982567081487796,2.629395123277844,-0.7996078403804541
7.5,7066136.074889227,0.0002186090585798344,1.713685023364769,-1.4244304223294793,2.6293986214165743,-1.2939607648485734
7.516666666666667,7065212.825442121,0.00025306434248069474,1.7136944036446675,-0.8593274745737121,2.6294032671001832,-1.7952820561119773
7.533333333333333,7064205.867595794,0.0003321453555976602,1.713704638218952,-0.4396098748117878,2.6294091800711694,-2.1512201783153677
7.55,7063131.838093378,0.00043751382169265695,1.7137155588053958,-0.15022610405403647,2.6294164586094015,-2.3768267264578626
7.566666666666666,7062008.552754657,0.0005572029202285097,1.7137269849030137,0.06246332070278049,2.629425177475969,-2.5257412327825994
7.583333333333333,7060854.40166207,0.0006846002121571735,1.7137387298855,0.23182074020964194,2.6294353889068818,-2.631326059186894
7.6,7059687.941672174,0.0008155291680973367,1.7137506051111464,0.3754415335264234,2.629447123580932,-2.7111765779476684
7.616666666666666,7058527.761398657,0.0009468731068863663,1.7137624212806848,0.5028216950716722,2.629460389786524,-2.7747887494137466
7.633333333333334,7057392.275359742,0.001076026058628233,1.7137739905343998,0.6193982602117916,2.629475173156811,-2.82759954805354
7.65,7056299.56465023,0.0012006608192911803,1.7137851280933345,0.7284822289226764,2.629491435694104,-2.872919886829103
7.666666666666667,7055267.356162097,0.0013186135731942372,1.7137956525043887,0.8321964045818602,2.629509111847232,-2.912872456699359
7.683333333333334,7054312.74098179,0.0014278614337988147,1.7138053885604212,0.931957966670943,2.6295281068264558,-2.9488742994484167
7.7,7053451.552722779,0.0015265675124870647,1.7138141737080101,1.0287543430203783,2.6295483017757713,-2.981912680303078
7.716666666666667,7052697.860833653,0.0016131216925651664,1.7138218632988047,1.123309728598712,2.629569561079309,-3.0127116085677295
7.733333333333333,7052063.79300696,0.0016861473279441248,1.713828332488664,1.2161821375693966,2.629591736074785,-3.0418288927917705
7.75,7051559.515083679,0.0017444942179121099,1.7138334765263197,1.307819071096826,2.6296146650398087,-3.06971181200969
7.766666666666667,7051193.180114609,0.0017872395208929253,1.7138372113495997,1.3985911341911534,2.6296381717971093,-3.096730735878985
7.783333333333333,7050970.757244728,0.0018137063934505764,1.7138394753981578,1.4888155407214274,2.6296620673517395,-3.1232026326572373
7.8,7050895.84271288,0.001823485796585024,1.713840231592785,-4.704408226043348,2.629686157055623,3.1337732675385666
7.816666666666666,7050969.6279423,0.0018164382844696586,1.7138394676904773,-4.6144389364322045,2.6297102468292883,3.1075559925916143
7.833333333333333,7051190.936311339,0.0017926881461442744,1.7138371959194219,-4.524192249652447,2.6297341426163716,3.0810614597573327
7.85,7051556.186907667,0.0017526290920084938,1.7138334533400454,-4.433386545331276,2.629757649796716,3.0540083032907948
7.866666666666666,7052059.425319511,0.001696922586153107,1.7138283014971891,-4.341710638543479,2.629780579362448,3.0260855863243514
7.883333333333334,7052692.512049815,0.0016264760054734788,1.7138218244416699,-4.2488038481592,2.629802755108903,2.9969328664875174
7.9,7053445.294624665,0.0015424235397492525,1.713814126906699,-4.1542344106958256,2.629824015313257,2.966118606784957
7.916666666666667,7054305.659455559,0.0014461246370758517,1.7138053337039594,-4.057469422369192,2.6298442113427343,2.9331101143401854
7.933333333333334,7055259.551700957,0.0013391703350451437,1.7137955894378902,-3.957825504761863,2.6298632076181607,2.897224202610137
7.95,7056291.150772861,0.0012233757393399283,1.713785056625165,-3.8543830459945143,2.6298808852890545,2.857541429416482
7.966666666666667,7057383.374438734,0.001100737530789454,1.7137739104637708,-3.745840336585103,2.629897149519318,2.8127602309184785
7.983333333333333,7058518.501415234,0.0009733841884266203,1.713762332411124,-3.630277763825489,2.629911934697735,2.760961115577134
8.0,7059678.456365909,0.0008435878308507691,1.7137505072302428,-3.5047584799058518,2.629925202798559,2.69920733212284
8.016666666666667,7060844.83092069,0.0007138568741680275,1.7137386227450788,-3.3645730097855924,2.6299369394470924,2.6227894766819286
8.033333333333333,7061999.041370562,0.0005871132600418349,1.7137268682162787,-3.2017238063661413,2.629947152919608,2.5237100471942875
8.05,7063122.535192061,0.00046709686162242924,1.7137154322368051,-3.0018424923563165,2.6299558738836653,2.387600684777179
8.066666666666666,7064196.925433446,0.0003593550581446631,1.7137045013805356,-2.738271139080916,2.629963154558158,2.187803451846956
8.083333333333334,7065204.3947418975,0.00027339991758208726,1.7136942561258688,-2.365807483599996,2.629969069660401,1.8791160490160828
8.1,7066128.300521196,0.0002248130334602619,1.713684864756805,-1.8491475883763464,2.629973717411276,1.4262344760209265
8.116666666666667,7066953.443543962,0.00022543049662375488,1.7136764807056357,-1.2805331616872349,2.629977217500579,0.9214003541230346
8.133333333333333,7067666.152629253,0.00026295507429661323,1.713669241773333,-0.8229612534321002,2.6299797082001097,0.5276106235819772
8.15,7068254.662330157,0.0003144203845105825,1.7136632663764506,-0.49458213394321104,2.629981344698195,0.2630154245609334
8.166666666666666,7068709.474082363,0.00036551870192702367,1.713658649963191,-0.24560313844678996,2.6299822966985618,0.07782194477663482
8.183333333333334,7069023.315150967,0.000409608356322598,1.7136554655055607,-0.03859998819403286,2.6299827447425077,-0.06539425615448936
8.2,7069191.023714693,0.0004437540137889989,1.713653764726222,0.14780720173522804,2.6299828770024947,-0.18801323647409707
8.216666666666667,7069209.626111858,0.00046687191328138134,1.7136535773589279,0.32637416588218326,2.6299828867468764,-0.3027909135282102
8.233333333333333,7069078.52847731,0.00047906100658727936,1.7136549092314333,0.5058401652804656,2.629982969656641,-0.41846673806889717
8.25,7068799.832544801,0.0004814434712306441,1.7136577390697112,0.6932423295754184,2.6299833204396115,-0.542078032953778
8.266666666666667,7068378.489361594,0.00047622200640783357,1.7136620169251753,0.8949900678005978,2.629984128701864,-0.6800343994127355
8.283333333333333,7067821.875061466,0.00046679023764017937,1.7136676684440695,1.1170334810831573,2.6299855756102324,-0.8382861254735202
8.3,7067139.278617062,0.000457815182212151,1.7136746000136116,1.3638172591392057,2.6299878319207077,-1.02127807992975
8.316666666666666,7066341.956207561,0.00045508985386405557,1.7136826981466997,1.6356113578264997,2.6299910551413097,-1.2292803880513135
